{"cameraMode":{"drawMode":0,"name":"Shaded","section":"Shading Mode"},"sceneLighting":true,"audioPlay":false,"sceneViewState":{"showFog":false,"showMaterialUpdate":false,"showSkybox":false,"showFlares":false,"showImageEffects":false,"showParticleSystems":false},"in2DMode":false,"pivot":{"x":-0.3054507374763489,"y":-0.09954885393381119,"z":-0.6779980659484863},"rotation":{"x":-0.22144794464111329,"y":0.1695808321237564,"z":-0.03908625617623329,"w":-0.959518313407898},"size":6.020084857940674,"orthographic":false}